hcp_name,num_articles,title,title_link,authors,publications,snippet
Adel Bader Hamdalla,0,,,,,
Adel Bader Hamdalla,0,,,,,
Adel Bader Hamdalla,0,,,,,
Aglaia Schiza,10,"Neoadjuvant trastuzumab, pertuzumab, and docetaxel vs trastuzumab emtansine in patients with ERBB2-positive breast cancer: a phase 2 randomized clinical trial",https://jamanetwork.com/journals/jamaoncology/article-abstract/2781086,"T Hatschek, T Foukakis, J Bjöhle, T Lekberg… ","JAMA …, 2021 ","Importance Trastuzumab emtansine (T-DM1) is presently approved for treatment of advanced 
breast cancer and after incomplete response to neoadjuvant therapy, but the potential of 
T-DM1 as monotherapy is so far unknown. Objective To assess pathologic complete response …"
Aglaia Schiza,10,[HTML][HTML] Adenovirus-mediated CD40L gene transfer increases Teffector/Tregulatory cell ratio and upregulates death receptors in metastatic melanoma patients,https://translational-medicine.biomedcentral.com/articles/10.1186/s12967-017-1182-z,"A Schiza, J Wenthe, S Mangsbo… ","Journal of …, 2017 ","Malignant melanoma is an aggressive tumor sensitive for immunotherapy such as checkpoint 
blockade antibodies. Still, most patients with late stage disease do not respond, and the side 
effects can be severe. Stimulation of the CD40 pathway to initiate anti-tumor immunity is a …"
Aglaia Schiza,10,High PDGFRb Expression Predicts Resistance to Radiotherapy in DCIS within the SweDCIS Randomized Trial,https://clincancerres.aacrjournals.org/content/27/12/3469.abstract,"C Strell, D Folkvaljon, E Holmberg, A Schiza… ","Clinical Cancer …, 2021 ","Purpose: This study analyzes the potential of stromal platelet-derived growth factor receptor-beta 
(PDGFRb) expression as biomarker for radiotherapy (RT) benefit on ipsilateral breast 
events (IBE) in ductal carcinoma in situ (DCIS). Improved identification of DCIS patients …"
Aglaia Schiza,10,[HTML][HTML] Evaluation of diffusion-weighted MRI and FDG-PET/CT to assess response to AdCD40L treatment in metastatic melanoma patients,https://www.nature.com/articles/s41598-019-54438-x,"A Schiza, S Irenaeus, F Ortiz-Nieto, A Loskog… ","Scientific reports, 2019 ","The purpose was to evaluate the potential of diffusion-weighted-magnetic resonance imaging 
(DW-MRI) and 18 F-fludeoxy-glucose-positron emission tomography integrated with CT 
(FDG-PET/CT) for prediction of overall survival (OS) following AdCD40L-immunotherapy in …"
Aglaia Schiza,10,[HTML][HTML] Local irradiation does not enhance the effect of immunostimulatory AdCD40L gene therapy combined with low dose cyclophosphamide in melanoma patients,https://www.ncbi.nlm.nih.gov/pmc/articles/PMC5667983/,"S Irenaeus, A Schiza, SM Mangsbo, J Wenthe… ","Oncotarget, 2017 ","Background AdCD40L is an immunostimulatory gene therapy under evaluation for 
advanced melanoma, including ocular melanoma. Herein, we present the final data of a 
Phase I/IIa trial using AdCD40L alone or in combination with low dose cyclophosphamide+/-radiation …"
Aglaia Schiza,10,[HTML][HTML] Predictive role of HER2-status on the effectiveness of endocrine adjuvant treatment in postmenopausal breast cancer patients: a population-based cohort …,https://link.springer.com/article/10.1007/s10549-020-06022-5,"A Schiza, D Mauri, I Fredriksson, AK Wennstig… ","Breast Cancer Research …, 2021 ","Purpose There are conflicting results on the potential role of HER2-status on the efficacy of 
aromatase inhibitors (AIs) and tamoxifen (TAM) in patients with hormone receptor (HR)-positive 
breast cancer (BC). The purpose of this population-based cohort study was to investigate …"
Aglaia Schiza,10,"Abstract PO-018: Inflaming advanced solid tumors including pancreatic cancer using LOAd703, a TMZ-CD40L/4-1BBL-armed oncolytic virus",https://cancerres.aacrjournals.org/content/81/22_Supplement/PO-018.short,"J Wenthe, E Eriksson, L Sandin, T Lövgren, JL Jarblad… ",2021 ,"Pancreatic ductal adenocarcinoma (PDAC) is resistant to PD1/PDL1 blocking antibodies. The 
purpose of this study was to evaluate if immunotherapy with LOAd703, an oncolytic adenovirus 
armed with trimerized CD40L and 4-1BBL, can sensitize PDAC to mAbs targeting PD1/…"
Aglaia Schiza,10,Safety of intratumoral immunostimulatory LOAd703 gene therapy in patients with advanced cancer,https://www.diva-portal.org/smash/record.jsf?pid=diva2:1564568,"S Irenaeus, J Wenthe, E Eriksson, A Schiza… ",2021 ,"LOAd703 is an oncolytic adenovirus carrying the immunostimulatory transgenes trimerized 
membrane-bound (TMZ)-CD40L and 4-1BBL. CD40/CD40L interaction causes dendritic 
cell maturation and stimulates Th1 type immune responses whereas signaling trough the 4-1BB …"
Aglaia Schiza,10,"CT301-A phase Ib study to evaluate RO7198457, an individualized Neoantigen Specific immunoTherapy (iNeST), in combination with atezolizumab in patients with …",https://digitalcommons.psjhealth.org/publications/3949/,"JS Lopez, R Camidge, M Iafolla, S Rottey, M Schuler… ",2020 ,"Background: Neoantigens arising from somatic mutations are attractive targets for cancer 
immunotherapy as they may be recognized as foreign by the immune system. RO7198457, a 
systemically administered RNA-Lipoplex iNeST was designed to stimulate T cell responses …"
Aglaia Schiza,10,[PDF][PDF] Air flow optimization through an intake system for a four-cylinder Formula Student (FSAE) racecar.,https://ir.lib.uth.gr/xmlui/bitstream/handle/11615/54246/21773.pdf?sequence=1,A Schiza ,2021 ,"Intake tuning and ram effect are widely known methods to increase engine performance. 
This thesis details the design, study and results of an intake system implemented on a 
Honda CBR 600RR 2007 engine, equipped with a restrictor downstream the throttle body, in …"
Aglaia Schiza,17,[HTML][HTML] Experimental treatment of patients with disseminated malignant melanoma,https://www.diva-portal.org/smash/record.jsf?pid=diva2:1149354,A Schiza ,2017 ,"Digital Comprehensive Summaries of Uppsala Dissertations from the Faculty of Medicine 1382. 
80 pp. Uppsala: Acta Universitatis Upsaliensis. ISBN 978-91-513-0107-5. Malignant melanoma 
(MM) is the deadliest skin cancer with an ever-increasing incidence. New treatments …"
Aglaia Schiza,17,[HTML][HTML] Diffusion-Weighted MRI may be better than FDG-PET/CT to assess immunotherapy response in patients with metastatic melanoma,https://www.diva-portal.org/smash/record.jsf?pid=diva2:1146584,"A Schiza, S Irenaeus, F Ortiz-Nieto, A Loskog… ",2017 ,"Malignant melanoma (MM) is the deadliest skin cancer with an ever-increasing incidence. 
New treatments have improved the prognosis for patients with advanced MM. Still, most 
patients do not respond, and the side effects can be severe, underlining the need for better …"
Aglaia Schiza,17,[CITATION][C] Evidence on the occurrence of brain metastases amongst deceased metastatic breast cancer patients from an Uppsala county disease registry,https://www.diva-portal.org/smash/record.jsf?pid=diva2:1238771,"H Lindman, A Haji, M Jernling… ","European Journal of …, 2018 ",
Aglaia Schiza,17,[CITATION][C] Evidence on the occurrence of brain metastases amongst deceased metastatic breast cancer patients from an Uppsala county disease registry,https://www.diva-portal.org/smash/record.jsf?pid=diva2:1238771,"H Lindman, A Haji, M Jernling… ","European Journal of …, 2018 ",
Aglaia Schiza,17,[CITATION][C] Evidence on the occurrence of brain metastases amongst deceased metastatic breast cancer patients from an Uppsala county disease registry,https://www.diva-portal.org/smash/record.jsf?pid=diva2:1238771,"H Lindman, A Haji, M Jernling… ","European Journal of …, 2018 ",
Aglaia Schiza,17,"He Huang, MD Yan-Ling Feng, MD",https://jamanetwork.com/journals/jamaoncology/article-abstract/2783010,JH Liu ,"JAMA, 2021 ","1. Huang H, Feng YL, Wan T, et al. Effectiveness of sequential chemoradiation vs concurrent 
chemoradiation or radiation alone in adjuvant treatment after hysterectomy for cervical 
cancer: the STARS phase 3 randomized clinical trial. JAMA Oncol. 2021; 7 (3): 361-369. doi: …"
Aglaia Schiza,17,[PDF][PDF] A Case Report of a Patient with Metastatic Uveal Melanoma who Experienced a Complete Response to Treatment with the NIVO3+ IPI1 Regimen,https://www.researchgate.net/profile/Aglaia-Schiza-2/publication/354721282_a-case-report-of-a-patient-with-metastatic-uveal-melanoma-who-experienced-a-complete-response-to-treatment-with-the-nivo3ipi1-regi-YKdF_1/links/6149a14aa3df59440b9d807c/a-case-report-of-a-patient-with-metastatic-uveal-melanoma-who-experienced-a-complete-response-to-treatment-with-the-nivo3ipi1-regi-YKdF-1,"A Schiza, Y Naeser, A Sundin… ","Clin Oncol Case Rep 4, 2021 ","Background: Uveal melanoma is a rare malignancy and in the advanced setting there is no 
effective treatment. Therefore, combined checkpoint blockade with nivolumab 1 mg/kg and 
ipilimumab 3 mg/kg (NIVO1+ IPI3) is frequently used despite low response rates and high …"
Aglaia Schiza,17,,,,,
Agneta Nordin Danfors,1,[HTML][HTML] TRIM study protocol-a prospective randomized multicenter Trial to assess the Role of Imaging during follow-up after radical surgery of stage IIB-C and III …,https://link.springer.com/article/10.1186/s12885-020-07632-4,"Y Naeser, H Helgadottir, Y Brandberg, J Hansson… ","BMC cancer, 2020 ","… We are grateful to all patients, study coordinator Frida Nyberg, statistician Anders Berglund 
and the principal investigators in Visby (Agneta Nordin Danfors), Eskilstuna (Andreas Nearchou), 
Uddevalla (Carin Wångblad), Karlstad (Caroline Holsti), Kalmar (Magnus Lagerlund), …"
Agneta Nordin Danfors,1,,,,,
Agneta Nordin Danfors,1,,,,,
Ahmed Abbas Albu-Kareem,0,,,,,
Ahmed Abbas Albu-Kareem,0,,,,,
Ahmed Abbas Albu-Kareem,0,,,,,
Alaa Haidar,5,[HTML][HTML] Transcriptional regulatory network discovery via multiple method integration: application to e. coli K12,https://almob.biomedcentral.com/articles/10.1186/1748-7188-2-2,"J Sun, K Tuncay, AA Haidar… ","Algorithms for …, 2007 ","Transcriptional regulatory network (TRN) discovery from one method (eg microarray analysis, 
gene ontology, phylogenic similarity) does not seem feasible due to lack of sufficient 
information, resulting in the construction of spurious or incomplete TRNs. We develop a …"
Alaa Haidar,5,Transcriptional regulatory networks via gene ontology and expression data,https://content.iospress.com/articles/in-silico-biology/isb00273,"K Tuncay, L Ensman, J Sun, AA Haidar… ","In silico …, 2007 ","Transcriptional regulatory network (TRN) discovery using information from a single source 
does not seem feasible due to lack of sufficient information, resulting in the construction of 
spurious or incomplete TRNs. A methodology, TRND, that integrates a preliminary TRN, gene …"
Alaa Haidar,5,"[HTML][HTML] Malignant Epithelioid Peritoneal Mesothelioma recurring after 5 years, case report and literature review",https://fortuneonline.org/articles/malignant-epithelioid-peritoneal-mesothelioma-recurring-after-5-years-case-report-and-literature-review.html,"M Chbat, M Rakka, A Haidar, N Sabbah… ","Journal of Surgery …, 2021 ","Malignant Peritoneal mesothelioma is a rare disease of the peritoneal lining and its 
aggressiveness vary depending on the biology of the tumor and the risk factors of the patient. 
We are reporting in the following case the history of a 69 years old gentleman working in a …"
Alaa Haidar,5,[PDF][PDF] Metachronous Skin Metastasis of Gastric Cancer: Case Report,https://www.researchgate.net/profile/Nagham-Bazzi/publication/337185768_Metachronous_skin_metastasis_of_gastric_cancer/links/5de75fa292851c83645fe028/Metachronous-skin-metastasis-of-gastric-cancer.pdf,"M Rakka, A Haidar, N Bazzi, AE Safadi… ","JOJ Case …, 2019 ","An 86-year-old man, had undergone gastric surgery for peptic ulcer disease 40 years ago and 
he was diagnosed with gastric adenocarcinoma. Then he underwent a subtotal gastrectomy 
with regional lymphadenectomy, followed by Roux en Y gastrojejunostomy, and adjuvant …"
Alaa Haidar,5,[PDF][PDF] The Analyse of Adding Security on QoS Parameters,https://www.researchgate.net/profile/Mohamad-Kshour/publication/285598376_The_Analyse_of_Adding_Security_on_QoS_Parameters/links/5661ce5608ae15e7462e29d3/The-Analyse-of-Adding-Security-on-QoS-Parameters.pdf,"AH Haidar, M Houseini, M Kshour ","International Journal of …, 2014 ","The synchronization of the security and quality of service in the network is a basic 
requirement, despite the existence of its mutual effect, engineers always seek to create a state 
close to the ideal in networks where the service and the security both are at the top level. The …"
Alaa Haidar,5,,,,,
Alaa Haidar,5,,,,,
Ana Bosch Campos,10,mTORC1 inhibition is required for sensitivity to PI3K p110α inhibitors in PIK3CA-mutant breast cancer,https://stm.sciencemag.org/content/5/196/196ra99.short,"M Elkabets, S Vora, D Juric, N Morse… ","Science translational …, 2013 ","Activating mutations of the PIK3CA gene occur frequently in breast cancer, and inhibitors that 
are specific for phosphatidylinositol 3-kinase (PI3K) p110α, such as BYL719, are being 
investigated in clinical trials. In a search for correlates of sensitivity to p110α inhibition among …"
Ana Bosch Campos,10,[HTML][HTML] Molecular analyses of triple-negative breast cancer in the young and elderly,https://link.springer.com/article/10.1186/s13058-021-01392-0,"M Aine, C Boyaci, J Hartman, J Häkkinen, S Mitra… ","Breast Cancer …, 2021 ","Breast cancer in young adults has been implicated with a worse outcome. Analyses of 
genomic traits associated with age have been heterogenous, likely because of an incomplete 
accounting for underlying molecular subtypes. We aimed to resolve whether triple-negative …"
Ana Bosch Campos,10,Abstract P1-17-02: Adaptive and acquired mechanisms of resistance to PI3K inhibitors,https://cancerres.aacrjournals.org/content/75/9_Supplement/P1-17-02.short,"S Chandarlapaty, M Scaltriti, M Will, Z Li… ",2015 ,"Background: Activation of PI3K alpha is among the most frequent oncogenic events in breast 
transformation, commonly occurring through mutations in the p110 alpha subunit of PI3K or 
amplification of the HER2 receptor tyrosine kinase. Therapeutic targeting of activated PI3K …"
Ana Bosch Campos,10,Whole-genome sequencing of triple negative breast cancers in a standard population-based clinical setting,https://portal.research.lu.se/en/publications/whole-genome-sequencing-of-triple-negative-breast-cancers-in-a-st,"J Staaf, D Glodzik, AB Campos… ","Breast Cancer …, 2020 ","… Johan Staaf, Dominik Glodzik, Ana Bosch Campos, Johan Vallon-Christersson, Christel 
Reuterswärd, Jari Häkkinen, Andrea Degasperi, Tauanne Dias Amarante, Lao Saal, Cecilia 
Hegardt, Hilary Stobart, Anna Ehinger, Christer Larsson, Lisa Ryden, Niklas Loman, Martin …"
Ana Bosch Campos,10,[HTML][HTML] Abstract B106: mTORC1 inhibition is required for sensitivity to PI3K p110α inhibitors in PIK3CA-mutant breast cancer.,https://cris.bgu.ac.il/en/publications/abstract-b106-mtorc1-inhibition-is-required-for-sensitivity-to-pi,"M Elkabets, S Vora, D Juric, N Morse… ","Molecular Cancer …, 2013 ","… Citation Format: Moshe Elkabets, Sadhna Vora, Dejan Juric, Natasha Morse, Mari Mino-Kenudson, 
Taru Muranen, Jessica Tao, Ana Bosch Campos, Jordi Rodon, Yasir H. Ibrahim, Violeta 
Serra, Vanessa Rodrik-Outmezguine, Saswati Hazra, Sharat Singh, Phillip Kim, Cornelia …"
Ana Bosch Campos,10,Role of the NF-kB pathway and nitric oxide in mammary gland involution after weaning. Implications in breast cancer,https://roderic.uv.es/handle/10550/25626,A Bosch Campos ,2013 ,"INTRODUCCIÓN La glándula mamaria es un órgano dinámico que alcanza su máximo 
desarrollo funcional con la lactancia, momento en el cual, a través de la producción de leche, 
aporta nutrientes y protección inmunológica a las crías de los mamíferos. Cuando la lactancia …"
Ana Bosch Campos,10,Role of the NF-kB pathway and nitric oxide in mammary gland involution after weaning. Implications in breast cancer,https://dialnet.unirioja.es/servlet/dctes?codigo=76935,AB Campos ,2013 ,"INTRODUCCIÓN La glándula mamaria es un órgano dinámico que alcanza su máximo 
desarrollo funcional con la lactancia, momento en el cual, a través de la producción de leche, 
aporta nutrientes y protección inmunológica a las crías de los mamíferos. Cuando la lactancia …"
Ana Bosch Campos,10,[HTML][HTML] Whole-genome sequencing of triple-negative breast cancers in a population-based clinical study,https://www.nature.com/articles/s41591-019-0582-4,"J Staaf, D Glodzik, A Bosch, J Vallon-Christersson… ","Nature medicine, 2019 ","Whole-genome sequencing (WGS) brings comprehensive insights to cancer genome 
interpretation. To explore the clinical value of WGS, we sequenced 254 triple-negative breast 
cancers (TNBCs) for which associated treatment and outcome data were collected between 2010 …"
Ana Bosch Campos,10,[HTML][HTML] Comprehensive molecular comparison of BRCA1 hypermethylated and BRCA1 mutated triple negative breast cancers,https://www.nature.com/articles/s41467-020-17537-2,"D Glodzik, A Bosch, J Hartman, M Aine… ","Nature …, 2020 ","Homologous recombination deficiency (HRD) is a defining characteristic in BRCA-deficient 
breast tumors caused by genetic or epigenetic alterations in key pathway genes. We 
investigated the frequency of BRCA1 promoter hypermethylation in 237 triple-negative breast …"
Ana Bosch Campos,10,"Department of Pathology, Memorial Sloan Kettering Cancer Center, New York, NY, USA.* e-mail: reisfilj@ mskcc. org",https://www.nature.com/articles/s41571-018-0001-7,"F Pareja, JS Reis-Filho ","cancer, 2017 ","Triple-negative breast cancers — a panoply of cancer types | Nature Reviews Clinical Oncology 
Skip to main content Thank you for visiting nature.com. You are using a browser version 
with limited support for CSS. To obtain the best experience, we recommend you use a more …"
Ana Bosch Campos,13,"Department of Pathology, Memorial Sloan Kettering Cancer Center, New York, NY, USA.* e-mail: reisfilj@ mskcc. org",https://www.nature.com/articles/s41571-018-0001-7,"F Pareja, JS Reis-Filho ","cancer, 2017 ","Triple-negative breast cancers — a panoply of cancer types | Nature Reviews Clinical Oncology 
Skip to main content Thank you for visiting nature.com. You are using a browser version 
with limited support for CSS. To obtain the best experience, we recommend you use a more …"
Ana Bosch Campos,13,"Department of Pathology, Memorial Sloan Kettering Cancer Center, New York, NY, USA.* e-mail: reisfilj@ mskcc. org",https://www.nature.com/articles/s41571-018-0001-7,"F Pareja, JS Reis-Filho ","cancer, 2017 ","Triple-negative breast cancers — a panoply of cancer types | Nature Reviews Clinical Oncology 
Skip to main content Thank you for visiting nature.com. You are using a browser version 
with limited support for CSS. To obtain the best experience, we recommend you use a more …"
Ana Bosch Campos,13,[BOOK][B] High-throughput molecular techniques and personalized treatment for primary breast cancer,https://portal.research.lu.se/portal/files/35860727/Martin_Sj_str_m_Kappa.pdf,M Sjöström ,2018 ,"Breast cancer is the most common cancer among women worldwide. The heterogeneity 
between tumors is the basis for precision medicine. Better characterization of tumors, 
leading to clinical decision tools, is needed to further individualize therapy, and to avoid over-treatment …"
Ana Bosch Campos,13,,,,,
Andreas Nearchou,10,[HTML][HTML] Prognostic factors and outcomes for osteosarcoma: an international collaboration,https://www.sciencedirect.com/science/article/pii/S0959804909001774,"EE Pakos, AD Nearchou, RJ Grimer… ","European journal of …, 2009 ","We aimed to evaluate the prognostic significance of traditional clinical predictors in 
osteosarcoma through an international collaboration of 10 teams of investigators (2680 patients) 
who participated. In multivariate models the mortality risk increased with older age, presence of …"
Andreas Nearchou,10,Solving the inverse kinematics problem of redundant robots operating in complex environments via a modified genetic algorithm,https://www.sciencedirect.com/science/article/pii/S0094114X97000347,AC Nearchou ,"Mechanism and machine theory, 1998 ","A new approach to solve the inverse kinematics problem of redundant robot manipulators in 
environments cluttered with obstacles is presented in this paper. The physical problem is 
formulated as an optimization problem under constraints, and solved via a modified genetic …"
Andreas Nearchou,10,[HTML][HTML] Surgical management of breast cancer in BRCA-mutation carriers: a systematic review and meta-analysis,https://link.springer.com/article/10.1007/s10549-014-2890-1,"A Valachis, AD Nearchou, P Lind ","Breast cancer research and treatment, 2014 ","This meta-analysis investigates the oncological safety of breast-conserving therapy BCT in 
BRCA-mutation carriers and the risk for contralateral breast cancer (CBC) compared with 
non-carriers, potential risk factors for ipsilateral breast recurrence (IBR) or CBC and grades …"
Andreas Nearchou,10,[HTML][HTML] Comparative survival with diverse chemotherapy regimens for cancer of unknown primary site: multiple-treatments meta-analysis,https://www.sciencedirect.com/science/article/pii/S0305737209000875,"V Golfinopoulos, G Pentheroudakis, G Salanti… ","Cancer treatment …, 2009 ","Objectives To synthesize the evidence from randomized controlled trials concerning systemic 
treatment regimens for patients with cancer of unknown primary site (CUP). Data sources 
PubMed and the Cochrane Library Central Registry of Controlled Trials. Review methods We …"
Andreas Nearchou,10,Maximizing production rate and workload smoothing in assembly lines using particle swarm optimization,https://www.sciencedirect.com/science/article/pii/S0925527310004093,AC Nearchou ,"International Journal of Production Economics, 2011 ","Particle swarm optimization (PSO) one of the latest developed population heuristics has 
rarely been applied in production and operations management (POM) optimization problems. 
A possible reason for this absence is that, PSO was introduced as global optimizer over …"
Andreas Nearchou,10,Meta-heuristics from nature for the loop layout design problem,https://www.sciencedirect.com/science/article/pii/S0925527305000484,AC Nearchou ,"International Journal of Production Economics, 2006 ","The loop-layout design problem (LLDP) arises when the machines in a flexible manufacturing 
system (FMS) are arranged in a closed ring-like network and the materials are transported 
around this network in only one direction. Evaluation of this layout is usually performed by …"
Andreas Nearchou,10,[PDF][PDF] Balancing large assembly lines by a new heuristic based on differential evolution method,https://link.springer.com/content/pdf/10.1007/s00170-006-0655-7.pdf,AC Nearchou ,"The International Journal of Advanced Manufacturing …, 2007 ","Evolutionary algorithms such as genetic algorithms have been applied on a variety of complex 
combinatorial optimization problems (COPs) with high success. However, in relation to other 
classes of COPs, there is little reported experimental work concerning the application of …"
Andreas Nearchou,10,The effect of various operators on the genetic search for large scheduling problems,https://www.sciencedirect.com/science/article/pii/S0925527303001841,AC Nearchou ,"International Journal of Production Economics, 2004 ","Genetic algorithms (GAs) have been applied on a variety of complex combinatorial optimization 
problems with high success. However, in relation to other classes of combinatorial problems, 
there is little reported experimental work for the application of GAs on large scheduling …"
Andreas Nearchou,10,[PDF][PDF] Multi-objective fuzzy assembly line balancing using genetic algorithms,https://link.springer.com/content/pdf/10.1007/s10845-010-0400-9.pdf,"PT Zacharia, AC Nearchou ","Journal of Intelligent Manufacturing, 2012 ","This paper presents a fuzzy extension of the simple assembly line balancing problem of type 
2 (SALBP-2) with fuzzy job processing times since uncertainty, variability, and imprecision 
are often occurred in real-world production systems. The jobs processing times are …"
Andreas Nearchou,10,A population-based algorithm for the bi-objective assembly line worker assignment and balancing problem,https://www.sciencedirect.com/science/article/pii/S0952197615002626,"PT Zacharia, AC Nearchou ","Engineering Applications of Artificial …, 2016 ","A multi-objective evolutionary algorithm (MOEA) is presented for the solution of the bi-criteria 
assembly line worker assignment and balancing problem (ALWABP). This problem consists 
of determining the best assignment of the assembly tasks to workers as well as the workers …"
Andreas Nearchou,20,A differential evolution approach for the common due date early/tardy job scheduling problem,https://www.sciencedirect.com/science/article/pii/S0305054806002024,AC Nearchou ,"Computers & Operations Research, 2008 ","The problem of scheduling multiple jobs on a single machine so that they are completed by a 
common specified date is addressed in this paper. This type of scheduling set costs depend 
on whether a job is finished before (earliness) or after (tardiness) the specified due date. …"
Andreas Nearchou,20,[HTML][HTML] Multi-objective balancing of assembly lines by population heuristics,https://www.tandfonline.com/doi/full/10.1080/00207540600988089,AC Nearchou ,"International Journal of Production Research, 2008 ","This paper is concerned with the solution of the multi-objective single-model deterministic 
assembly line balancing problem (ALBP). Two bi-criteria objectives are considered: 
Minimising the cycle time of the assembly line and the balance delay time of the workstations. …"
Andreas Nearchou,20,Path planning of a mobile robot using genetic heuristics,https://www.cambridge.org/core/journals/robotica/article/path-planning-of-a-mobile-robot-using-genetic-heuristics/C338D8C6B1ECC4E800A828D2EA5C518D,AC Nearchou ,"Robotica, 1998 ","A genetic algorithm for the path planning problem of a mobile robot which is moving and 
picking up loads on its way is presented. Assuming a findpath problem in a graph, the proposed 
algorithm determines a near-optimal path solution using a bit-string encoding of selected …"
Andreas Nearchou,20,[PDF][PDF] Differential evolution for sequencing and scheduling optimization,https://link.springer.com/content/pdf/10.1007/10732-006-3750-x.pdf,"AC Nearchou, SL Omirou ","Journal of Heuristics, 2006 ","This paper presents a stochastic method based on the differential evolution (DE) algorithm to 
address a wide range of sequencing and scheduling optimization problems. DE is a simple 
yet effective adaptive scheme developed for global optimization over continuous spaces. In …"
Andreas Nearchou,20,Financial relationships in economic analyses of targeted therapies in oncology,https://ascopubs.org/doi/abs/10.1200/JCO.2011.38.6078,"A Valachis, NP Polyzos, A Nearchou, P Lind… ","Journal of Clinical …, 2012 ","Purpose A potential financial relationship between investigators and pharmaceutical 
manufacturers has been associated with an increased likelihood of reporting favorable conclusions 
about a sponsor's proprietary agent in pharmacoeconomic studies. The purpose of this …"
Andreas Nearchou,20,Cardiac toxicity in breast cancer patients treated with dual HER2 blockade,https://onlinelibrary.wiley.com/doi/abs/10.1002/ijc.28234,"A Valachis, A Nearchou, NP Polyzos… ","International journal of …, 2013 ","Although dual HER2 blockade shows promising results in patients with HER2‐positive breast 
cancer it is unclear whether this treatment strategy increases the risk for cardiac adverse 
events. We conducted a meta‐analysis of randomized trials to investigate the risk of cardiac …"
Andreas Nearchou,20,"[HTML][HTML] Lapatinib, trastuzumab or the combination added to preoperative chemotherapy for breast cancer: a meta-analysis of randomized evidence",https://link.springer.com/article/10.1007/s10549-012-2189-z,"A Valachis, A Nearchou, P Lind, D Mauri ","Breast cancer research and …, 2012 ","We compared the efficacy and safety of the addition of lapatinib versus trastuzumab or their 
combination to neoadjuvant chemotherapy in HER2-positive breast cancer. Potentially 
eligible trials were located through PubMed and Cochrane Library searches and abstracts of …"
Andreas Nearchou,20,A novel metaheuristic approach for the flow shop scheduling problem,https://www.sciencedirect.com/science/article/pii/S095219760400017X,AC Nearchou ,"Engineering Applications of Artificial Intelligence, 2004 ","Advances in modern manufacturing systems such as CAD/CAM, FMS, CIM, have increased 
the use of intelligent techniques for solving various combinatorial and NP-hard sequencing 
and scheduling problems. Production process in these systems consists of workshop …"
Andreas Nearchou,20,A meta-heuristic algorithm for the fuzzy assembly line balancing type-E problem,https://www.sciencedirect.com/science/article/pii/S0305054813001913,"PT Zacharia, AC Nearchou ","Computers & Operations Research, 2013 ","Consideration is given to a single-model assembly line balancing problem with fuzzy task 
processing times. The problem referred to herein as f-SALBP-E consists of finding a combination 
of the number of workstations and the cycle time as well as a respective line balance such …"
Andreas Nearchou,20,High versus low radioiodine activity in patients with differentiated thyroid cancer: a meta-analysis,https://www.tandfonline.com/doi/abs/10.3109/0284186X.2012.742959,"A Valachis, A Nearchou ","Acta Oncologica, 2013 ","Background. The purpose of the meta-analysis was to estimate the effectiveness and toxicity 
of low activity radioiodine ablation versus high activity in patients with differentiated thyroid 
cancer (DTC). Design. A systematic review and meta-analysis was performed by including all …"
Andreas Nearchou,30,Adaptive navigation of autonomous vehicles using evolutionary algorithms,https://www.sciencedirect.com/science/article/pii/S0954181098000120,AC Nearchou ,"Artificial Intelligence in Engineering, 1999 ","Autonomous vehicles must be able to navigate freely in a constrained and unknown environment 
while performing a desired task. To increase its autonomy, a vehicle must be provided by 
sophisticated software navigators. Traditionally, navigators build a convenient model of …"
Andreas Nearchou,30,[HTML][HTML] Acquired hypothyroidism as a predictive marker of outcome in patients with metastatic renal cell carcinoma treated with tyrosine kinase inhibitors: a literature …,https://www.sciencedirect.com/science/article/pii/S1558767314002328,"A Nearchou, A Valachis, P Lind, O Akre… ","Clinical genitourinary …, 2015 ","Hypothyroidism in patients with metastatic renal cell carcinoma (mRCC) during treatment with 
the tyrosine kinase inhibitors (TKIs) sunitinib and sorafenib is a well-established side effect. 
Furthermore, the potential role of hypothyroidism as predictive marker of outcome has been …"
Andreas Nearchou,30,[HTML][HTML] A particle swarm optimization algorithm for balancing assembly lines,https://www.emerald.com/insight/content/doi/10.1108/01445151111117700/full/html,"DI Petropoulos, AC Nearchou ","Assembly Automation, 2011 ","Purpose – The purpose of this paper is to apply particle swarm optimization (PSO) a known 
combinatorial optimization algorithm to multi‐objective (MO) balancing of large assembly lines. 
Design/methodology/approach – A novel approach based on PSO is developed to tackle …"
Andreas Nearchou,30,A genetic path planning algorithm for redundant articulated robots,https://www.cambridge.org/core/journals/robotica/article/genetic-path-planning-algorithm-for-redundant-articulated-robots/6EB4D6CB6518F657445538CDB50EF006,"AC Nearchou, NA Aspragathos ","Robotica, 1997 ","In some daily tasks, such as pick and place, the robot is requested to reach with its hand tip 
a desired target location while it is operating in its environment. Such tasks become more 
complex in environments cluttered with obstacles, since the constraint for collision-free …"
Andreas Nearchou,30,[HTML][HTML] Influenza vaccination in breast cancer patients during subcutaneous trastuzumab in adjuvant setting,https://link.springer.com/article/10.1007/s10549-020-05815-y,"TB Joona, E Digkas, AK Wennstig, K Nyström… ","Breast Cancer Research …, 2020 ","Background Despite the current recommendation for influenza vaccination in cancer patients 
with active oncological therapy, limited data are available on the efficacy of vaccination in 
cancer patients receiving targeted therapies. We aimed to investigate the immunogenicity and …"
Andreas Nearchou,30,An evolutionary algorithm for generating planar developments of arbitrarily curved surfaces,https://www.sciencedirect.com/science/article/pii/S0166361501001555,"PN Azariadis, AC Nearchou, NA Aspragathos ","Computers in Industry, 2002 ","In this paper, a new method based on constrained global optimization is proposed for 
generating planar developments of arbitrarily three-dimensional surfaces. With this method 
an initial planar development is derived which is refined in order to satisfy certain criteria. This …"
Andreas Nearchou,30,Path planning and scheduling for a fleet of autonomous vehicles,https://www.cambridge.org/core/journals/robotica/article/path-planning-and-scheduling-for-a-fleet-of-autonomous-vehicles/6316267D661D035095D13A48BA1CF6EB,"E Xidias, P Zacharia, A Nearchou ","Robotica, 2016 ","This paper presents a new solution approach for managing the motion of a fleet of autonomous 
vehicles (AVs) in indoor factory environments. AVs are requested to serve a number of 
workstations (WS) (following a specified desired production plan for materials requirements) …"
Andreas Nearchou,30,A CNC machine tool interpolator for surfaces of cross-sectional design,https://www.sciencedirect.com/science/article/pii/S073658450600007X,"SL Omirou, AC Nearchou ","Robotics and Computer-Integrated …, 2007 ","A machining strategy for milling a particular set of surfaces, obtained by the technique of 
cross-sectional design is proposed. The surfaces considered are formed by sliding a Bezier 
curve (profile curve) along another Bezier curve (trajectory curve). The curves are located in …"
Andreas Nearchou,30,Scheduling with controllable processing times and compression costs using population-based heuristics,https://www.tandfonline.com/doi/abs/10.1080/00207540903433874,AC Nearchou ,"International Journal of Production Research, 2010 ","This paper considers the single machine scheduling problem of jobs with controllable 
processing times and compression costs and the objective to minimise the total weighted job 
completion time plus the cost of compression. The problem is known to be intractable, and …"
Andreas Nearchou,30,Flow-shop sequencing using hybrid simulated annealing,https://link.springer.com/article/10.1023/B:JIMS.0000026570.03851.cc,AC Nearchou ,"Journal of Intelligent manufacturing, 2004 ","Simulated annealing (SA) heuristics have been successfully applied on a variety of complex 
optimization problems. This paper presents a new hybrid SA approach for the permutation 
flow-shop scheduling (FSS) problem. FSS is known to be NP-hard, and thus the right way to …"
Ulrika Bergqvist,4,Varumärkesinriktad positionering: en fallstudie av ICAs&Nordeas etablering i Estland,https://www.diva-portal.org/smash/record.jsf?pid=diva2:18862,"U Bergqvist, A Hermansson ",2003 ,"… Ulrika Bergqvist Anna Hermansson … Författare Ulrika Bergqvist & Anna Hermansson … 
Ulrika Bergqvist & Anna Hermansson …"
Ulrika Bergqvist,4,Träningens betydelse för den självskattade hälsan: Vikten av arbetsgivarens engagemang,https://www.diva-portal.org/smash/record.jsf?pid=diva2:758275,U Bergqvist ,2014 ,"Med bakgrund av träningens betydelse för upprätthållandet av individens hälsa har denna 
studie riktats till att undersöka huruvida träningen bidrar till en bättre självskattad hälsa, SRH, 
eller inte och med hänsyn till träning tillhandahållen av arbetsgivaren eller annan träning. …"
Ulrika Bergqvist,4,[BOOK][B] A New Model for Assessment of Change in Visual Function in Diabetes,https://portal.research.lu.se/portal/en/publications/a-new-model-for-assessment-of-change-in-visual-function-in-diabetes(48032fb9-76b7-47c3-a522-97d3b63709b8).html,KJ Hellgren ,2014 ,"… Ulrika Bergqvist – my secretary at the Department of Ophthalmology, Karlstad, for carful 
support concerning my patients. …"
Ulrika Bergqvist,4,"Legitimering av uppförandekoder En studie av H&M, Lindex och KappAhl-tre företag inom konfektionsbranschen.",https://lup.lub.lu.se/student-papers/record/1346333,"M Tränefors, P Stening ",2006 ,"Vi har främst använt oss av intressentmodellen och legitimitetsteorin i vår analys. För att ge 
läsaren en teoretisk bakgrund går vi även bland annat in på det ansvarsfulla företaget, CSR 
och olika sätt att rapportera. Vi utgick i vår studie från tre stora svenska företag inom …"
Ulrika Bergqvist,4,,,,,
Ulrika Bergqvist,4,,,,,
Ann Charlotte Dreifaldt,10,"Increased concentrations of polychlorinated biphenyls, hexachlorobenzene, and chlordanes in mothers of men with testicular cancer.",https://ehp.niehs.nih.gov/doi/abs/10.1289/ehp.5816,"L Hardell, B van Bavel, G Lindström… ","Environmental …, 2003 ","An increasing incidence of testicular cancer has been reported from several countries in the 
Western world during the last decades. According to current hypothesis, testicular cancer is 
initiated during the fetal period, and exposure to endocrine disruptors, ie, xenoestrogens, has …"
Ann Charlotte Dreifaldt,10,[HTML][HTML] Increasing incidence rates of childhood malignant diseases in Sweden during the period 1960–1998,https://www.sciencedirect.com/science/article/pii/S0959804904001741,"AC Dreifaldt, M Carlberg, L Hardell ","European Journal of Cancer, 2004 ","We analysed the trends in incidence rates of childhood cancer in Sweden. All cases of malignant 
diseases and benign brain tumours in children, 0–14 years old, reported to the Swedish 
Cancer Registry 1960 to 1998 were included, n=9298. Cases were classified according to …"
Ann Charlotte Dreifaldt,10,Differences in outcome for cervical cancer patients treated with or without brachytherapy,https://www.sciencedirect.com/science/article/pii/S1538472116305554,"J Karlsson, AC Dreifaldt, LB Mordhorst, B Sorbe ","Brachytherapy, 2017 ","Purpose To compare the clinical outcome of cervical cancer patients treated with primary 
radiotherapy with and without the addition of brachytherapy. Methods and Materials In all, 220 
patients with cervical cancer stage I–IV treated between 1993 and 2009 were included. Three …"
Ann Charlotte Dreifaldt,10,Concentrations of polychlorinated biphenyls in blood and the risk for testicular cancer,https://onlinelibrary.wiley.com/doi/abs/10.1111/j.1365-2605.2004.00489.x,"L Hardell, B Van Bavel, G Lindström… ","… journal of andrology, 2004 ","An increasing incidence of testicular cancer has been reported from several western countries 
during the last decades. According to current hypothesis testicular cancer is initiated during 
the foetal period and exposure to endocrine disruptors such as some persistent organic …"
Ann Charlotte Dreifaldt,10,"Neoadjuvant trastuzumab, pertuzumab, and docetaxel vs trastuzumab emtansine in patients with ERBB2-positive breast cancer: a phase 2 randomized clinical trial",https://jamanetwork.com/journals/jamaoncology/article-abstract/2781086,"T Hatschek, T Foukakis, J Bjöhle, T Lekberg… ","JAMA …, 2021 ","Importance Trastuzumab emtansine (T-DM1) is presently approved for treatment of advanced 
breast cancer and after incomplete response to neoadjuvant therapy, but the potential of 
T-DM1 as monotherapy is so far unknown. Objective To assess pathologic complete response …"
Ann Charlotte Dreifaldt,10,Breast-feeding duration and the risk of malignant diseases in childhood in Sweden,https://www.nature.com/articles/1601142,"L Hardell, AC Dreifaldt ","European journal of clinical nutrition, 2001 ","Setting: Sweden. Records from Child Healthcare Centres were scrutinised regarding 
information on breast-feeding and other health-related items. Subjects: All children aged 0–14 
y with a malignant disease (benign brain tumours included) during the time period 1988–91 (n= …"
Ann Charlotte Dreifaldt,10,"Docetaxel, trastuzumab, pertuzumab versus trastuzumab emtansine as neoadjuvant treatment of HER2-positive breast cancer: results from the Swedish PREDIX …",https://ascopubs.org/doi/abs/10.1200/JCO.2019.37.15_suppl.501,"JCS Bergh, A Andersson, J Bjohle, A Bosch… ",2019 ,"501 Background: Neoadjuvant therapy produces high rates of pathological complete response 
(pCR) and is the standard of care in HER2 positive breast cancer; however, the optimal 
treatment regimen remains to be established. Methods: In this randomized phase II study …"
Ann Charlotte Dreifaldt,10,97O PREDIX HER2 trial: event-free survival and pathologic complete response in clinical subgroups and stromal TILs levels,https://www.annalsofoncology.org/article/S0923-7534(20)36116-0/abstract,"T Hatschek, A Andersson, J Bjöhle… ","Annals of …, 2020 ","Background Neoadjuvant treatment with Trastuzumab-emtansine was associated with 
similar rates of pathological complete remission (pCR) as standard therapy with docetaxel, 
trastuzumab and pertuzumab in the PREDIX HER2 trial. Here, results of event-free survival (EFS), …"
Ann Charlotte Dreifaldt,10,"Health-related quality of life in the Swedish PREDIX HER2 trial, evaluating docetaxel, trastuzumab, pertuzumab versus trastuzumab emtansine as neoadjuvant …",https://ascopubs.org/doi/abs/10.1200/JCO.2019.37.15_suppl.583,"Y Brandberg, A Andersson, J Bjohle, A Bosch… ",2019 ,"583 Background: Neoadjuvant therapy combining docetaxel, trastuzumab and pertuzumab (DTP) 
was compared to trastuzumab emtansine (T-DM1) in the randomized phase 2 PREDIX 
HER2 trial. Patients, ≥18 years with HER2 positive breast cancer, ≥20mm or with verified …"
Ann Charlotte Dreifaldt,10,Incidence rates of malignant diseases in childhood and adolescence in children to Swedish fishermen,https://www.diva-portal.org/smash/record.jsf?pid=diva2:136979,"AC Dreifaldt, M Carlberg, L Hardell ",2006 ,"The trends of malignant diseases in children aged 0 to 14 years, reported to the Swedish 
Cancer Registry 1960–1998 (n= 9 298) were analyzed. The most common diagnoses were 
leukemia, 29.7%, tumors of the central nervous system (CNS), 27.6%, and lymphomas, 10.2%. …"
Ann Charlotte Dreifaldt,20,[HTML][HTML] Epidemiological aspects on malignant diseases in childhood,https://www.diva-portal.org/smash/record.jsf?pid=diva2:136980,AC Dreifaldt ,2006 ,"The trends of malignant diseases in children aged 0 to 14 years, reported to the Swedish 
Cancer Registry 1960–1998 (n= 9 298) were analyzed. The most common diagnoses were 
leukemia, 29.7%, tumors of the central nervous system (CNS), 27.6%, and lymphomas, 10.2%. …"
Ann Charlotte Dreifaldt,20,[PDF][PDF] Journal of Oncology Research and Therapy,https://www.researchgate.net/profile/Anne-Louise-Bohr-Mordhorst/publication/332153052_External_Beam_Radiation_Therapy_Alone_in_the_Treatment_of_Cervical_Cancer_A_Single-Institution_Study_on_Efficacy_and_Safety/links/5d59bc2ca6fdccb7dc477423/External-Beam-Radiation-Therapy-Alone-in-the-Treatment-of-Cervical-Cancer-A-Single-Institution-Study-on-Efficacy-and-Safety.pdf,"AC Dreifaldt, LB Mordhorst, BG Sorbe ",IIB ,"Purpose: The purpose of this study was to investigate the results regarding primary remission, 
recurrences, survival and toxicity when treating cervical cancer with external beam irradiation 
without addition of brachytherapy and to determine prognostic factors associated with …"
Ann Charlotte Dreifaldt,20,"Vaccinations and chronic illness in Swedish children preceding diagnosis of leukemia, malignant lymphoma or brain tumor",https://www.diva-portal.org/smash/record.jsf?pid=diva2:136978,"AC Dreifaldt, B Werner, M Carlberg, L Hardell ",2006 ,"The trends of malignant diseases in children aged 0 to 14 years, reported to the Swedish 
Cancer Registry 1960–1998 (n= 9 298) were analyzed. The most common diagnoses were 
leukemia, 29.7%, tumors of the central nervous system (CNS), 27.6%, and lymphomas, 10.2%. …"
Ann Charlotte Dreifaldt,20,[PDF][PDF] Environmental Medicine I Article,https://citeseerx.ist.psu.edu/viewdoc/download?doi=10.1.1.275.8607&rep=rep1&type=pdf,"L Hardell, B Van Bavel, G Lindström, M Carlberg… ",Citeseer,"Materials and Methods Incident cases with testicular cancer were recruited from 1997 to 2000 
from the Department of Urology at Huddinge (n= 17) and Karolinska Hospital in Stockholm 
(n= 5), and the Departments of Oncology at the University Hospitals in Örebro (n= 13), …"
Ann Charlotte Dreifaldt,20,[PDF][PDF] Environmental Medicine I Article,https://citeseerx.ist.psu.edu/viewdoc/download?doi=10.1.1.275.8607&rep=rep1&type=pdf,"L Hardell, B Van Bavel, G Lindström, M Carlberg… ",Citeseer,"Materials and Methods Incident cases with testicular cancer were recruited from 1997 to 2000 
from the Department of Urology at Huddinge (n= 17) and Karolinska Hospital in Stockholm 
(n= 5), and the Departments of Oncology at the University Hospitals in Örebro (n= 13), …"
Ann Charlotte Dreifaldt,20,"He Huang, MD Yan-Ling Feng, MD",https://jamanetwork.com/journals/jamaoncology/article-abstract/2783010,JH Liu ,"JAMA, 2021 ","1. Huang H, Feng YL, Wan T, et al. Effectiveness of sequential chemoradiation vs concurrent 
chemoradiation or radiation alone in adjuvant treatment after hysterectomy for cervical 
cancer: the STARS phase 3 randomized clinical trial. JAMA Oncol. 2021; 7 (3): 361-369. doi: …"
Ann Charlotte Dreifaldt,20,[PDF][PDF] Optimering av bilder inför strålbehandling av bröstcancer genom röntgenkontrast vid datortomografi,https://www.diva-portal.org/smash/get/diva2:1435587/FULLTEXT01.pdf,K Olsson ,2020 ,"Bakgrund: Inför strålbehandling av bröstcancer genomgår patienter bildtagning med 
datortomograf (DT). Med dessa bilder som underlag utförs targetinritning. Targetinritningen syftar 
till att markera dels de områden som önskas strålbehandlas och dels markera riskorgan för att …"
Ann Charlotte Dreifaldt,20,"Frederik Reinfeldt, now that you are Sweden's prime minister, are you prepared to listen?-letter",https://search.informit.org/doi/pdf/10.3316/informit.540754126688377,O Johansson ,"Journal of the Australasian College of Nutritional …, 2007 ","… Recently, Ann Charlotte Dreifaldt, at the University Hospital in brebro, Sweden, has shown 
that it is in any case not breast-feeding which is the cause of the increase in child cancer. …"
Ann Charlotte Dreifaldt,20,"Levels of persistent fluorinated, chlorinated and brominated compounds in human blood collected in Sweden in 1997-2000",https://www.osti.gov/etdeweb/biblio/20828233,"G Lindström, A Kärrman, B van Bavel, L Hardell… ",2004 ,"Levels of persistent fluorinated, chlorinated and brominated compounds in blood collected 
from the Swedish population have been determined in connection with several exposure and 
monitoring studies at the MTM Research Centre. A data base with 631 individual congener …"
Ann Charlotte Dreifaldt,20,"[PDF][PDF] Retrospective Study of High Grade Astrocytoma"" Stupp Treatment"" Outcome at the Örebro University Hospital",https://www.diva-portal.org/smash/get/diva2:904176/FULLTEXT01.pdf,A Missirliu ,2015 ,"… I would like to thank my two mentors, clinical mentor David Löfgren and scientific mentor 
Ann-Charlotte Dreifaldt for the guidance and advice throughout the project. Thank you for all 
the constructive criticism you gave me. I would also like to thank my father for the proofreading …"
Ann Charlotte Dreifaldt,28,Standardiserat vårdförlopp förtestikelcancer–remitteras rätt patienter inom Region Örebro?,https://www.diva-portal.org/smash/record.jsf?pid=diva2:1549061,R Randén ,2021 ,"Bakgrund: Testikelcancer är en ovanlig tumörform, men den vanligaste maligna diagnosen 
bland män i åldern 25–40 år. Vanliga symtom förknippade med sjukdomen är en palpabel 
testikulär resistens, volymökad testikel, smärta och obehag i skrotum eller en förändrad …"
Ann Charlotte Dreifaldt,28,Increased incidence of cancer in infants in the US: 1980‐1990,https://acsjournals.onlinelibrary.wiley.com/doi/abs/10.1002/(SICI)1097-0142(19980401)82:7%3C1396::AID-CNCR25%3E3.0.CO;2-0,"LB Kenney, BA Miller, LAG Ries… ","… Journal of the …, 1998 ","BACKGROUND During the decade between 1980‐1990, the rate of cancer in children in the 
US increased. It is unknown whether cancer in infancy, which is biologically and clinically 
different from cancer in older children, also increased. METHODS To evaluate changes in …"
Ann Charlotte Dreifaldt,28,The importance of hemoglobin levels during radiotherapy for carcinoma of the cervix,https://acsjournals.onlinelibrary.wiley.com/doi/abs/10.1002/(SICI)1097-0142(19991015)86:8%3C1528::AID-CNCR20%3E3.0.CO;2-E,"M Grogan, GM Thomas, I Melamed, FLW Wong… ","Cancer, 1999 ","BACKGROUND It is unclear whether blood transfusion can overcome the negative impact of 
anemia before or during radiotherapy (RT) in patients with carcinoma of the cervix. The 
objective of this retrospective study was to examine the impact of anemia and blood transfusion …"
Ann Charlotte Dreifaldt,28,Clinical outcomes of carbon ion radiotherapy for locally advanced adenocarcinoma of the uterine cervix in phase 1/2 clinical trial (protocol 9704),https://acsjournals.onlinelibrary.wiley.com/doi/abs/10.1002/cncr.28621,"M Wakatsuki, S Kato, T Ohno, K Karasawa… ","Cancer, 2014 ","BACKGROUND This study sought to evaluate the toxicity and efficacy of carbon ion 
radiotherapy (C‐ion RT) for locally advanced adenocarcinoma of the uterine cervix in a phase 
1/2 clinical trial. METHODS The treatment consisted of whole‐pelvic irradiation of 36.0 gray …"
Ann Charlotte Dreifaldt,28,"[PDF][PDF] Lymfkörtelstatus vid bröstcancerkirurgi: fynd vid axillutrymning efter positiv sentinel node-biopsi, finns skillnader i antal körtelmetastaser beroende på tumörens …",https://www.diva-portal.org/smash/get/diva2:974347/FULLTEXT01.pdf,M Cunninghamn ,2016 ,"Bakgrund: Bröstcancer är den vanligaste tumörsjukdomen hos kvinnor och axillärt 
lymfkörtelstatus utgör den viktigaste prognostiska faktorn. Axillutrymning är ett kirurgiskt ingrepp 
som är en del i kirurgin vid bröstcanceroperation. Sentinel node (SN)-biopsi tillåter staging av …"
Ann Charlotte Dreifaldt,28,Temporal increases in the incidence of childhood solid tumors seen in Northwest England (1954–1998) are likely to be real,https://acsjournals.onlinelibrary.wiley.com/doi/abs/10.1002/1097-0142(20011001)92:7%3C1967::AID-CNCR1716%3E3.0.CO;2-%23,"RJQ McNally, AM Kelsey, DP Cairns… ","… Journal of the …, 2001 ","BACKGROUND There has been speculation that increasing trends in incidence of childhood 
central nervous system tumors and infant neuroblastoma in the United States have been 
due to diagnostic improvements or reporting changes. To investigate whether or not such …"
Ann Charlotte Dreifaldt,28,[PDF][PDF] Överlevnad och behandling vid avancerad epitelial ovarialcancer–en retrospektiv journalgranskning,https://www.diva-portal.org/smash/get/diva2:904198/FULLTEXT01.pdf,E Björk ,2015 ,"Bakgrund: Ovarialcancer är en allvarlig tumörsjukdom som på grund av diffusa symtom oftast 
upptäcks i ett avancerat skede, FIGO stadium II-IV. Primärbehandling i avancerade stadium 
utgörs av kirurgi och kemoterapi. Den viktigaste prognostiska faktorn för överlevnad är …"
Ann Charlotte Dreifaldt,28,Standardiserat vårdförlopp skelett-och mjukdelssarkom-retrospektiv genomgång av journal-och registerdata,https://www.diva-portal.org/smash/record.jsf?pid=diva2:1546768,S Anttonen ,2021 ,"Bakgrund: Standardiserade vårdförlopp (SVF) har införts till den svenska cancervården sedan 
år 2015, SVF skelett-och mjukdelssarkom infördes 2017. Sarkom utgör ca. 1% av maligniteter, 
årligen insjuknar ca. 400 patienter i Sverige. SVF skelett-och mjukdelssarkom gäller för …"
Elisabeth Ryd Ausén,1,Microsoft Kinect i öppenvårdsapplikationer: Utvärdering av Microsoft Kinect som kliniskt längdmätningsverktyg som led i att minimera antalet tagytor i öppenvården,https://www.diva-portal.org/smash/record.jsf?pid=diva2:818551,E Lindqvist ,2014 ,"Denna rapport avser att presentera tillvägagångssättet vid framtagandet av en ny metod för 
beröringslös längdmätning med den avancerade bildsensorn Microsoft Kinect. Metoden har 
tagits fram som del i ett projekt att förse Barnonkologen på Astrid Lindgrens barnsjukhus med …"
Elisabeth Ryd Ausén,1,,,,,
Elisabeth Ryd Ausén,1,,,,,
Marie Santonsson,0,,,,,
Marie Santonsson,0,,,,,
Marie Santonsson,0,,,,,
Anna Nordenskjöld,10,[HTML][HTML] Diagnostic value of serial measurement of cardiac markers in patients with chest pain: limited value of adding myoglobin to troponin I for exclusion of …,https://www.sciencedirect.com/science/article/pii/S000287030400242X,"KM Eggers, J Oldgren, A Nordenskjöld, B Lindahl ","American heart journal, 2004 ","Background Despite improved laboratory assays for cardiac markers and a revised standard 
for definition of myocardial infarction (AMI), early detection of coronary ischemia in unselected 
patients with chest pain remains a difficult challenge. Methods Rapid measurements of …"
Anna Nordenskjöld,10,Medical therapy for secondary prevention and long-term outcome in patients with myocardial infarction with nonobstructive coronary artery disease,https://www.ahajournals.org/doi/abs/10.1161/CIRCULATIONAHA.116.026336,"B Lindahl, T Baron, D Erlinge, N Hadziosmanovic… ","Circulation, 2017 ","Background: Myocardial infarction with nonobstructive coronary arteries (MINOCA) occurs in 
5% to 10% of all patients with myocardial infarction. Clinical trials of secondary prevention 
treatment in MINOCA patients are lacking. Therefore, the aim of this study was to examine the …"
Anna Nordenskjöld,10,[HTML][HTML] Predictors of adverse outcome in patients with myocardial infarction with non-obstructive coronary artery (MINOCA) disease,https://www.sciencedirect.com/science/article/pii/S0167527317366287,"AM Nordenskjöld, T Baron, KM Eggers… ","International journal of …, 2018 ","Background Myocardial infarction (MI) with non-obstructive coronary arteries (MINOCAs) is 
an increasingly recognized entity. No previous study has evaluated predictors for new major 
adverse cardiacvascular events (MACEs) and death in patients with MINOCA. Methods We …"
Anna Nordenskjöld,10,Short-and long-term individual variation in cardiac troponin in patients with stable coronary artery disease,https://academic.oup.com/clinchem/article-abstract/59/2/401/5621978,"AM Nordenskjöld, H Ahlström, KM Eggers… ","Clinical …, 2013 ","BACKGROUND A rise or fall of cardiac troponin is a prerequisite for the diagnosis of acute 
myocardial infarction. Defining significant changes requires knowledge of both biological 
and analytical variation. The short-term biological variation of cardiac troponin in healthy …"
Anna Nordenskjöld,10,[HTML][HTML] Reinfarction in patients with myocardial infarction with nonobstructive coronary arteries (MINOCA): coronary findings and prognosis,https://www.sciencedirect.com/science/article/pii/S0002934318309628,"AM Nordenskjöld, B Lagerqvist, T Baron… ","The American journal of …, 2019 ","Background Myocardial infarction (MI) with nonobstructive coronary arteries (MINOCA) is 
common. There are limited data on the mechanisms and prognosis for reinfarction in MINOCA 
patients. Methods In this observational study of MINOCA patients hospitalized in Sweden and …"
Anna Nordenskjöld,10,Assessment of 25-year survival of women with estrogen receptor–positive/ERBB2-negative breast cancer treated with and without tamoxifen therapy: a secondary …,https://jamanetwork.com/journals/jamanetworkopen/article-abstract/2781511,"H Dar, A Johansson, A Nordenskjöld, A Iftimi… ","JAMA Network …, 2021 ","Importance Clinically used breast cancer markers, such as tumor size, tumor grade, 
progesterone receptor (PR) status, and Ki-67 status, are known to be associated with short-term 
survival, but the association of these markers with long-term (25-year) survival is unclear. …"
Anna Nordenskjöld,10,[HTML][HTML] Circadian onset and prognosis of myocardial infarction with non-obstructive coronary arteries (MINOCA),https://journals.plos.org/plosone/article?id=10.1371/journal.pone.0216073,"AM Nordenskjöld, KM Eggers, T Jernberg… ","Plos one, 2019 ","Background Many acute cardiovascular events such as myocardial infarction (MI) follow 
circadian rhythms. Myocardial infarction with non-obstructive coronary arteries (MINOCA) is 
a newly noticed entity with limited data on onset pattern and its impact on prognosis. Material …"
Anna Nordenskjöld,10,[HTML][HTML] Progesterone receptor positivity is a predictor of long-term benefit from adjuvant tamoxifen treatment of estrogen receptor positive breast cancer,https://link.springer.com/article/10.1007/s10549-016-4007-5,"A Nordenskjöld, H Fohlin, T Fornander… ","Breast cancer research …, 2016 ","Purpose The independent predictive information from progesterone receptor (PgR) positivity 
for breast cancer treated with tamoxifen has been questioned after an overview by the 
Early Breast Cancer Trialists’ Collaborative Group (EBCTCG). However, the studies in the …"
Anna Nordenskjöld,10,[HTML][HTML] Randomized evaluation of beta blocker and ACE-inhibitor/angiotensin receptor blocker treatment in patients with myocardial infarction with non-obstructive …,https://www.sciencedirect.com/science/article/pii/S0002870320303458,"AM Nordenskjöld, S Agewall, D Atar, T Baron… ","American Heart …, 2021 ","Background Myocardial infarction with non-obstructive coronary arteries (MINOCA) is common 
and occurs in 6–8% of all patients fulfilling the diagnostic criteria for acute myocardial 
infarction (AMI). This paper describes the rationale behind the trial ‘Randomized Evaluation of …"
Anna Nordenskjöld,10,[HTML][HTML] Unrecognized myocardial infarction assessed by cardiac magnetic resonance imaging is associated with adverse long-term prognosis,https://journals.plos.org/plosone/article?id=10.1371/journal.pone.0200381,"AM Nordenskjöld, P Hammar, H Ahlström, T Bjerner… ","PLoS …, 2018 ","Background Unrecognized myocardial infarctions (UMIs) are common. The study is an extension 
of a previous study, aiming to investigate the long-term (>5 year) prognostic implication of 
late gadolinium enhancement cardiovascular magnetic resonance (LGE-CMR) detected …"
Anna Nordenskjöld,20,[HTML][HTML] Unrecognized Myocardial Infarction Assessed by Cardiac Magnetic Resonance Imaging–Prognostic Implications,https://journals.plos.org/plosone/article?id=10.1371/journal.pone.0148803,"AM Nordenskjöld, P Hammar, H Ahlström, T Bjerner… ","PloS one, 2016 ","Background Clinically unrecognized myocardial infarctions (UMI) are not uncommon and may 
be associated with adverse outcome. The aims of this study were to determine the prognostic 
implication of UMI in patients with stable suspected coronary artery disease (CAD) and to …"
Anna Nordenskjöld,20,Breast cancer survival trends in different stages and age groups–a population-based study 1989–2013,https://www.tandfonline.com/doi/abs/10.1080/0284186X.2018.1532601,"AE Nordenskjöld, H Fohlin, LG Arnesson… ","Acta …, 2019 ","Background: During the recent decades, breast cancer survival has gradually improved but there 
is limited knowledge on the improvement in population-based studies of patients diagnosed 
with different stages of the disease and in different age groups. Patients and methods: …"
Anna Nordenskjöld,20,[HTML][HTML] Major adverse cardiovascular events following electroconvulsive therapy in depression: A register-based nationwide Swedish cohort study with 1-year follow …,https://www.sciencedirect.com/science/article/pii/S0165032721010673,"A Nordenskjöld, P Güney, AM Nordenskjöld ","Journal of Affective Disorders, 2022 ","Background The cardiovascular response during electroconvulsive therapy (ECT) could induce 
major adverse cardiovascular events (MACE) in the short-term, while reduced depression 
could decrease the risk of MACE in the long-term. The balance between these potential …"
Anna Nordenskjöld,20,[HTML][HTML] Unrecognized myocardial infarctions assessed by cardiovascular magnetic resonance are associated with the severity of the stenosis in the supplying …,https://jcmr-online.biomedcentral.com/articles/10.1186/s12968-015-0202-5,"P Hammar, AM Nordenskjöld… ","Journal of …, 2015 ","A previous study has shown an increased prevalence of late gadolinium enhancement 
cardiovascular magnetic resonance (LGE CMR) detected unrecognized myocardial infarction 
(UMI) with increasing extent and severity of coronary artery disease. However, the coronary …"
Anna Nordenskjöld,20,Survival in patients with suspected myocardial infarction with nonobstructive coronary arteries: a comprehensive systematic review and meta-analysis from the …,https://www.ahajournals.org/doi/abs/10.1161/CIRCOUTCOMES.121.007880,"S Pasupathy, B Lindahl, P Litwin, R Tavella… ","… Quality and Outcomes, 2021 ","Background: Suspected myocardial infarction (MI) with nonobstructive coronary arteries (MINOCA) 
occurs in ≈5% to 10% of patients with MI referred for coronary angiography. The prognosis 
of these patients may differ to those with MI and obstructive coronary artery disease (MI…"
Anna Nordenskjöld,20,Myocardial infarction with nonobstructive coronary arteries: the importance of achieving secondary prevention targets,https://www.sciencedirect.com/science/article/pii/S0002934317312883,"KM Eggers, N Hadziosmanovic, T Baron… ","The American journal of …, 2018 ","Background Approximately 5% to 10% of all patients with myocardial infarction have nonobstructive 
coronary arteries. Studies investigating the importance of follow-up and achievement of 
conventional secondary prevention targets in these patients are lacking. Methods In this …"
Anna Nordenskjöld,20,"Deoxynucleoside phosphorylating enzymes in monkey and human tissues show great similarities, while mouse deoxycytidine kinase has a different substrate …",https://www.sciencedirect.com/science/article/pii/0006295291905227,"A Habteyesus, A Nordenskjöld, C Bohman… ","Biochemical …, 1991 ","Three key enzymes in the anabolic phosphorylation of deoxyribonucleosides and 
deoxyribonucleoside analogs were purified ie cytoplasmic thymidine kinase (TK1), mitochondrial 
thymidine kinase (TK2) and cytoplasmic deoxycytidine kinase (dCK) from human, mouse and …"
Anna Nordenskjöld,20,[HTML][HTML] Combining different biochemical markers of myocardial ischemia does not improve risk stratification in chest pain patients compared to troponin I alone,https://journals.lww.com/coronary-artery/Fulltext/2005/08000/Combining_different_biochemical_markers_of.9.aspx,"KM Eggers, J Oldgren, A Nordenskjöld… ","Coronary artery …, 2005 ","Objective Early evaluation of patients with chest pain is important not only for the detection 
of acute myocardial infarction (AMI) but also for identification of patients at high risk for future 
cardiac events. A multimarker strategy applying results of early measurements of different …"
Anna Nordenskjöld,20,[HTML][HTML] Short-and long-term individual variation in NT-proBNP levels in patients with stable coronary artery disease,https://www.sciencedirect.com/science/article/pii/S0009898113001253,"AM Nordenskjöld, H Ahlström, KM Eggers, O Fröbert… ","Clinica Chimica …, 2013 ","Background In addition to diagnosis of heart failure (HF) natriuretic peptides (BNP and NT-proBNP) 
may be used for risk prediction in stable and acute coronary artery disease. The aim of the 
study was to evaluate the short- and long-term individual variation of NT-proBNP in …"
Anna Nordenskjöld,20,[HTML][HTML] GRACE 2.0 Score for Risk Prediction in Myocardial Infarction With Nonobstructive Coronary Arteries,https://www.ahajournals.org/doi/full/10.1161/JAHA.121.021374,"KM Eggers, T Baron, M Hjort… ","Journal of the …, 2021 ","Myocardial infarction with nonobstructive cor-onary arteries (MINOCA) is a condition that is 
gaining increasing interest. 1, 2 Around 5% to 10% of all patients with myocardial infarction (MI) 
have MINOCA, 1 and women are relatively overrepresented. The cause of MINOCA is …"
Anna Nordenskjöld,30,[HTML][HTML] Risk prediction in patients with chest pain: early assessment by the combination of troponin I results and electrocardiographic findings,https://journals.lww.com/coronary-artery/fulltext/2005/05000/risk_prediction_in_patients_with_chest_pain__early.8.aspx,"KM Eggers, J Oldgren, A Nordenskjöld… ","Coronary artery …, 2005 ","Objective To evaluate the prognostic value of point of care troponin I (TnI) results in combination 
with findings from the admission electrocardiogram (ECG) in patients with chest pain. 
Methods Rapid measurements of TnI were performed in 191 consecutive patients with chest …"
Anna Nordenskjöld,30,Clinical and prognostic implications of C‐reactive protein levels in myocardial infarction with nonobstructive coronary arteries,https://onlinelibrary.wiley.com/doi/abs/10.1002/clc.23651,"KM Eggers, T Baron, M Hjort… ","Clinical …, 2021 ","Background Myocardial infarction with nonobstructive coronary arteries (MINOCA) is a 
heterogeneous condition. Recent studies suggest that MINOCA patients may have a 
proinflammatory disposition. The role of inflammation in MINOCA may thus be distinct to myocardial …"
Anna Nordenskjöld,30,Proprotein convertase subtilisin/kexin type 9 and mortality in patients starting hemodialysis,https://onlinelibrary.wiley.com/doi/abs/10.1111/eci.13113,"T Strålberg, A Nordenskjöld, Y Cao… ","European journal of …, 2019 ","Background Cardiovascular events are the leading cause of death in end stage renal disease 
(ESRD), but traditional markers of dyslipidemia are not clearly associated with cardiovascular 
risk in this population. Proprotein Convertase Subtilsin/Kexin type 9 (PCSK‐9) could be …"
Anna Nordenskjöld,30,[HTML][HTML] Unrecognized myocardial infarctions detected by cardiac magnetic resonance imaging are associated with cardiac troponin I levels,https://www.sciencedirect.com/science/article/pii/S0009898116300365,"AM Nordenskjöld, P Hammar, H Ahlström, T Bjerner… ","Clinica Chimica …, 2016 ","Background Both unrecognized myocardial infarction (UMI) and elevated levels of biomarkers 
are common in patients with stable coronary artery disease (CAD). The objective of this study 
was to determine the association between levels of cardiac biomarkers, UMI and extent …"
Anna Nordenskjöld,30,[HTML][HTML] Unrecognized myocardial infarction and cardiac biochemical markers in patients with stable coronary artery disease,https://www.diva-portal.org/smash/record.jsf?pid=diva2:903209,A Nordenskjöld ,2016 ,"Aim: The overarching aim of the thesis was to explore the occurrence and clinical importance 
of two manifestations of myocardial injury; unrecognized myocardial injury (UMI) and altered 
levels of cardiac biochemical markers in patients with stable coronary artery disease (CAD)…"
Anna Nordenskjöld,30,Survival after Myocardial Infarction with Non-Obstructive Coronary Arteries (MINOCA)–A Comprehensive Systematic Review and Meta-Analysis from MINOCA Global …,https://papers.ssrn.com/sol3/papers.cfm?abstract_id=3678584,"S Pasupathy, B Lindahl, P Litwin, R Tavella… ",2019 ,"Background: This systematic review and meta analysis evaluates the 12-month all-cause 
mortality in patients with Myocardial Infarction (MI) with Non-Obstructive Coronary Arteries (MINOCA); 
comparing this to those with MI and obstructive coronary artery disease (MI-CAD), …"
Anna Nordenskjöld,30,"Response by Lindahl et al to Letter Regarding Article,“Medical Therapy for Secondary Prevention and Long-Term Outcome in Patients With Myocardial Infarction With …",https://www.ahajournals.org/doi/abs/10.1161/circulationaha.117.029938,"B Lindahl, T Baron, D Erlinge, N Hadziosmanovic… ","Circulation, 2017 ","We appreciate the valuable comments by Ciliberti et al in their letter to the editor on our 
article on medical therapy in patients with myocardial infarction with nonobstructive coronary 
arteries (MINOCA). 1 Ciliberti et al raise several important issues on which we are happy to …"
Anna Nordenskjöld,30,To predict results of breast cancer therapy,https://gupea.ub.gu.se/handle/2077/58241,A Nordenskjöld ,2019 ,"We have used the almost complete national Swedish Cancer register, regional quality 
management register and one randomized adjuvant endocrine trial to study, the effect of 
radiotherapy in breast cancer with 1-3 positive nodes (study 1), the effect of tamoxifen in estrogen …"
Anna Nordenskjöld,30,[PDF][PDF] Breast cancer survival trends in different stages and age groups–a population-based study,https://www.researchgate.net/profile/Erik-Holmberg/publication/329405021_Breast_cancer_survival_trends_in_different_stages_and_age_groups_-_a_population-based_study_1989-2013/links/5c0a2f4d4585157ac1ae1e5c/Breast-cancer-survival-trends-in-different-stages-and-age-groups-a-population-based-study-1989-2013.pdf,"AE Nordenskjöld, H Fohlin, LG Arnesson, Z Einbeigi… ",researchgate.net,"Background: During the recent decades, breast cancer survival has gradually improved but there 
is limited knowledge on the improvement in population-based studies of patients diagnosed 
with different stages of the disease and in different age groups. Patients and methods: …"
Anna Nordenskjöld,30,[PDF][PDF] Randomized evaluation of beta-blocker and ACE-inhibitor/angiotensin receptor blocker treatment for post-infarct angina in patients with myocardial infarction …,https://www.frontiersin.org/articles/10.3389/fcvm.2021.717526/pdf,"S Pasupathy, B Lindahl, R Tavella… ","Frontiers in …, 2021 ","Introduction. Myocardial infarction with non-obstructive coronary arteries (MINOCA) occurs 
in approximately 10% of all patients with acute myocardial infarction (AMI), with an over-representation 
amongst women. Remarkably, it is estimated that as many as 1 in 4 patients with …"
Anna von Wachenfeldt Väppling,6,[HTML][HTML] A search for modifying genetic factors in CHEK2: c. 1100delC breast cancer patients,https://www.nature.com/articles/s41598-021-93926-x,"C Wendt, TA Muranen, L Mielikäinen… ","Scientific Reports, 2021 ","The risk of breast cancer associated with CHEK2: c. 1100delC is 2–threefold but higher in 
carriers with a family history of breast cancer than without, suggesting that other genetic loci in 
combination with CHEK2: c. 1100delC confer an increased risk in a polygenic model. Part of …"
Anna von Wachenfeldt Väppling,6,Adherence to adjuvant endocrine therapy after breast cancer in Sweden 2008-2010: A nationwide survey.,https://ascopubs.org/doi/abs/10.1200/JCO.2019.37.15_suppl.523,"A Andersson, A Von Wachenfeldt Väppling, A De Jong… ",2019 ,"523 Background: In estrogen receptor (ER) positive early breast cancer (EBC) adjuvant 
endocrine therapy (AET) is crucial to reduce recurrence and mortality. Previous studies have 
shown that adherence to AET is lower than expected and could negatively affect outcome. Since …"
Anna von Wachenfeldt Väppling,6,"Breast Cancer Cases in a Surveillance Program: Report from the Hereditary Department at South General Hospital, Sweden.",https://ascopubs.org/doi/abs/10.1200/JCO.2019.37.15_suppl.e13068,"AM Karumo, L Thorén, A Von Wachenfeldt Väppling ",2019 ,"e13068 Background: Women with a doubled, or greater, lifetime risk of developing breast 
cancer are according to Swedish guidelines offered intensified surveillance with one or more 
of the following modalities; mammography (MG), ultrasound (US) and magnetic resonance …"
Anna von Wachenfeldt Väppling,6,Abstract P3-11-14: Is pathologic complete response (pCR) a valid marker of outcome even in large breast cancer? Clinical results from a neoadjuvant trial using a …,https://cancerres.aacrjournals.org/content/75/9_Supplement/P3-11-14.short,"T Hatschek, J Bjöhle, E Lidbrink, T Lekberg, N Loman… ",2015 ,"Background: Several randomized trials have proven that preoperative chemotherapy is 
equivalent to adjuvant treatment, and allows for clinical and radiological assessment of efficacy 
in vivo. Recent results show that response-guided neoadjuvant therapy is a favorable policy …"
Anna von Wachenfeldt Väppling,6,[BOOK][B] Genetic studies in familial non-BRCA breast cancer,https://openarchive.ki.se/xmlui/handle/10616/46087,C Wendt ,2017 ,"… Anna von Wachenfeldt Väppling, for great inspiration and for getting me interested in the 
field from the beginning. Besides working hard at Södra Station, we have lots of fun together 
with Linda Thorén, my dear colleague and friend since we both started at the Oncology unit at …"
Anna von Wachenfeldt Väppling,6,Databas i Microsoft Access för forskningsstudie angående ärftlig mutation i genen TP53,https://www.diva-portal.org/smash/record.jsf?pid=diva2:953486,"N Jansson Bertheussen, L Welander ",2016 ,"I det här projektet har en databas byggts till ett nationellt forskningsprojekt angaende nedärvda 
mutationer i genen TP53. Forskningsprojektets syfte är att fa en större förstaelse för mutationer 
i TP53 och dess effekt pa den ökade förekomster av cancersjukdomar hos personer …"
Anna von Wachenfeldt Väppling,6,,,,,
Anna von Wachenfeldt Väppling,6,,,,,
